user_id,event,event_count,user_event_total,event_pct
ashish.bansal,viewport_poll,3174,7152,44.4
ashish.bansal,zoom_step,2133,7152,29.8
ashish.bansal,cell_click,1052,7152,14.7
ashish.bansal,label_select,236,7152,3.3
ashish.bansal,slide_load,188,7152,2.6
ashish.bansal,slide_next,162,7152,2.3
ashish.bansal,arrow_pan,123,7152,1.7
ashish.bansal,back_step,29,7152,0.4
ashish.bansal,idle_start,25,7152,0.3
ashish.bansal,idle_end,22,7152,0.3
ashish.bansal,app_start,6,7152,0.1
ashish.bansal,reset,2,7152,0.0
muhammad.aslam,viewport_poll,3053,8341,36.6
muhammad.aslam,zoom_step,2871,8341,34.4
muhammad.aslam,cell_click,1391,8341,16.7
muhammad.aslam,label_select,258,8341,3.1
muhammad.aslam,slide_load,257,8341,3.1
muhammad.aslam,slide_next,236,8341,2.8
muhammad.aslam,arrow_pan,183,8341,2.2
muhammad.aslam,idle_start,44,8341,0.5
muhammad.aslam,idle_end,40,8341,0.5
muhammad.aslam,app_start,6,8341,0.1
muhammad.aslam,back_step,2,8341,0.0
