slide_id,ground_truth,muhammad.aslam_label,ashish.bansal_label,pathologists_agree,outcome,muhammad.aslam_correct,ashish.bansal_correct,muhammad.aslam_event_count,ashish.bansal_event_count,muhammad.aslam_active_events,ashish.bansal_active_events,muhammad.aslam_gap_capped_duration_s,ashish.bansal_gap_capped_duration_s,muhammad.aslam_max_zoom,ashish.bansal_max_zoom
CRC_0123,high-grade,high-grade,low-grade,False,one_correct,True,False,28,59,16,36,22.0,45.0,5.0,20.0
CRC_0671,non-neoplastic,low-grade,non-neoplastic,False,one_correct,False,True,47,25,29,14,88.0,22.0,40.0,5.0
CRC_0731,low-grade,low-grade,non-neoplastic,False,one_correct,True,False,36,85,16,33,39.0,125.0,5.0,20.0
CRC_1076,high-grade,low-grade,high-grade,False,one_correct,False,True,41,52,27,33,27.0,37.0,5.0,10.0
CRC_1330,high-grade,low-grade,high-grade,False,one_correct,False,True,50,42,22,18,82.0,47.0,10.0,5.0
CRC_1505,low-grade,high-grade,low-grade,False,one_correct,False,True,15,10,8,5,12.0,9.0,5.0,5.0
CRC_1742,high-grade,low-grade,high-grade,False,one_correct,False,True,32,59,23,41,18.0,36.0,10.0,20.0
CRC_1837,high-grade,high-grade,low-grade,False,one_correct,True,False,22,42,13,20,17.0,42.0,2.5,2.5
CRC_1906,non-neoplastic,low-grade,non-neoplastic,False,one_correct,False,True,93,78,63,32,59.0,101.0,20.0,10.0
CRC_2003,high-grade,high-grade,low-grade,False,one_correct,True,False,12,32,7,18,9.0,28.0,5.0,10.0
CRC_2125,low-grade,low-grade,high-grade,False,one_correct,True,False,20,60,9,39,22.0,41.0,5.0,5.0
CRC_2300,non-neoplastic,low-grade,non-neoplastic,False,one_correct,False,True,65,22,26,12,72.0,19.0,20.0,5.0
CRC_2450,non-neoplastic,low-grade,non-neoplastic,False,one_correct,False,True,28,19,7,10,67.0,18.0,5.0,2.5
CRC_2563,high-grade,high-grade,low-grade,False,one_correct,True,False,62,71,32,30,58.0,136.0,40.0,10.0
CRC_2611,low-grade,high-grade,low-grade,False,one_correct,False,True,11,15,8,6,6.0,16.0,5.0,5.0
CRC_2617,high-grade,low-grade,high-grade,False,one_correct,False,True,75,46,35,19,90.0,53.0,20.0,10.0
CRC_2722,high-grade,low-grade,high-grade,False,one_correct,False,True,25,63,19,36,10.0,53.0,2.5,10.0
CRC_2944,low-grade,low-grade,non-neoplastic,False,one_correct,True,False,24,33,17,15,14.0,35.0,10.0,5.0
CRC_3017,high-grade,low-grade,high-grade,False,one_correct,False,True,14,75,8,36,12.0,76.0,2.5,10.0
CRC_3623,low-grade,high-grade,low-grade,False,one_correct,False,True,53,63,32,38,40.0,50.0,10.0,5.0
CRC_3670,high-grade,low-grade,high-grade,False,one_correct,False,True,39,63,28,35,21.0,54.0,10.0,10.0
CRC_3815,low-grade,non-neoplastic,low-grade,False,one_correct,False,True,27,17,20,10,14.0,12.0,10.0,2.5
CRC_4268,high-grade,low-grade,high-grade,False,one_correct,False,True,34,32,25,14,17.0,35.0,10.0,10.0
CRC_4312,low-grade,low-grade,non-neoplastic,False,one_correct,True,False,45,68,14,26,68.0,81.0,10.0,20.0
